Datum,,Formule 1,,,Moto GP,

,#,Land,Plaats,#,Land,Plaats
01 mrt,,,,1,Thailand,Buriram
08 mrt,1,Australië,Melbourne,,,
15 mrt,2,China,Shanghai,,,
22 mrt,,,,2,Brazilië,Goiânia
29 mrt,3,Japan,Suzuka,3,Verenigde Staten,Austin
05 apr,,,,,,
12 apr,4,Bahrein,Sakhir,4,Qatar,Lusail
19 apr,5,Saoedi-Arabië,Jeddah,,,
26 apr,,,,5,Spanje,Jerez
03 mei,6,Verenigde Staten,Miami,,,
10 mei,,,,6,Frankrijk,Le Mans
17 mei,,,,7,Spanje,Barcelona
24 mei,7,Canada,Montréal,,,
31 mei,,,,8,Italië,Mugello
07 jun,8,Monaco,Monaco,9,Hongarije,Balaton
14 jun,9,Spanje,Barcelona,,,
21 jun,,,,10,Tsjechië,Brno
28 jun,10,Oostenrijk,Spielberg,11,Nederland,Assen
05 jul,11,Engeland,Silverstone,,,
12 jul,,,,12,Duitsland,Sachsenring
19 jul,12,België,Spa-Francorchamps,,,
26 jul,13,Hongarije,Budapest,,,
02 aug,,,,,,
09 aug,,,,13,Engeland,Silverstone
16 aug,,,,,,
23 aug,14,Nederland,Zandvoort,,,
30 aug,,,,14,Spanje,Alcañiz
06 sep,15,Italië,Monza,,,
13 sep,16,Spanje,Barcelona,15,San Marino,Misano
20 sep,,,,16,Oostenrijk,Spielberg
26 sep,17,Azerbeidzjan,Baku,,,
27 sep,,,,,,
04 okt,,,,17,Japan,Motegi
11 okt,18,Singapore,Marina Bay,18,Indonesië,Mandalika
18 okt,,,,,,
25 okt,19,Verenigde Staten,Austin,19,Australië,Phillip Island
01 nov,20,Mexico,Mexico City,20,Maleisië,Sepang
08 nov,21,Brazilië,São Paulo,,,
15 nov,,,,21,Portugal,Portimão
22 nov,22,Verenigde Staten,Las Vegas,22,Spanje,Cheste
29 nov,23,Qatar,Lusail,,,
06 dec,24,Verenigde Arabische Emiraten,Yas Marina,,,
